model,class,rank,voxel_index,mni_x,mni_y,mni_z,mean_abs_shap
SVC,Middle_Finger,1,2160,-13.1,-33.1,68.7,0.027556944638490677
SVC,Middle_Finger,2,335,-58.0,-17.1,39.9,0.025596385821700096
SVC,Middle_Finger,3,2069,-18.0,-37.9,71.9,0.021018575876951218
SVC,Middle_Finger,4,107,-61.2,-17.1,39.9,0.020065706223249435
SVC,Middle_Finger,5,2104,-18.0,-28.3,75.1,0.019628481939435005
SVC,Middle_Finger,6,2040,-19.6,-33.1,70.3,0.019539576023817062
SVC,Middle_Finger,7,1238,-43.6,-34.7,55.9,0.019047442823648453
SVC,Middle_Finger,8,2042,-19.6,-33.1,73.5,0.01866929419338703
SVC,Middle_Finger,9,2091,-18.0,-31.5,71.9,0.01827176846563816
SVC,Middle_Finger,10,2090,-18.0,-31.5,70.3,0.01783576048910618
SVC,Hand,1,335,-58.0,-17.1,39.9,0.04376218095421791
SVC,Hand,2,107,-61.2,-17.1,39.9,0.03456065058708191
SVC,Hand,3,2170,-13.1,-31.5,76.7,0.027630483731627464
SVC,Hand,4,2119,-16.3,-33.1,75.1,0.024409200996160507
SVC,Hand,5,442,-56.4,-20.3,46.3,0.02228541299700737
SVC,Hand,6,844,-50.0,-25.1,43.1,0.02106383815407753
SVC,Hand,7,2091,-18.0,-31.5,71.9,0.02079949900507927
SVC,Hand,8,2085,-18.0,-33.1,75.1,0.020268382504582405
SVC,Hand,9,285,-58.0,-21.9,39.9,0.020069867372512817
SVC,Hand,10,2144,-14.7,-33.1,75.1,0.01948634162545204
SVC,Forearm,1,2062,-19.6,-28.3,71.9,0.033439744263887405
SVC,Forearm,2,2083,-18.0,-33.1,71.9,0.025970477610826492
SVC,Forearm,3,2119,-16.3,-33.1,75.1,0.025854846462607384
SVC,Forearm,4,1354,-42.0,-34.7,51.1,0.024167567491531372
SVC,Forearm,5,2145,-14.7,-33.1,76.7,0.022425871342420578
SVC,Forearm,6,2111,-16.3,-34.7,71.9,0.021868359297513962
SVC,Forearm,7,2085,-18.0,-33.1,75.1,0.021850813180208206
SVC,Forearm,8,2110,-16.3,-34.7,70.3,0.021753856912255287
SVC,Forearm,9,844,-50.0,-25.1,43.1,0.02038426510989666
SVC,Forearm,10,2069,-18.0,-37.9,71.9,0.020379837602376938
SVC,Arm,1,2041,-19.6,-33.1,71.9,0.024772517383098602
SVC,Arm,2,2062,-19.6,-28.3,71.9,0.021403921768069267
SVC,Arm,3,2090,-18.0,-31.5,70.3,0.020822402089834213
SVC,Arm,4,2134,-14.7,-34.7,70.3,0.020778436213731766
SVC,Arm,5,2111,-16.3,-34.7,71.9,0.020028525963425636
SVC,Arm,6,844,-50.0,-25.1,43.1,0.01991022750735283
SVC,Arm,7,1002,-48.4,-15.5,51.1,0.01989295333623886
SVC,Arm,8,1297,-43.6,-23.5,59.1,0.019824665039777756
SVC,Arm,9,2042,-19.6,-33.1,73.5,0.019524766132235527
SVC,Arm,10,2085,-18.0,-33.1,75.1,0.019441820681095123
ANN,Middle_Finger,1,300,-58.0,-20.3,39.9,0.028850406408309937
ANN,Middle_Finger,2,105,-61.2,-17.1,36.7,0.02417258732020855
ANN,Middle_Finger,3,193,-59.6,-17.1,39.9,0.023459656164050102
ANN,Middle_Finger,4,159,-59.6,-21.9,41.5,0.02327810600399971
ANN,Middle_Finger,5,19,-64.4,-13.9,33.5,0.022571846842765808
ANN,Middle_Finger,6,59,-62.8,-15.5,41.5,0.020580798387527466
ANN,Middle_Finger,7,124,-61.2,-13.9,41.5,0.019829263910651207
ANN,Middle_Finger,8,119,-61.2,-13.9,33.5,0.01972470059990883
ANN,Middle_Finger,9,730,-51.6,-25.1,41.5,0.019532935693860054
ANN,Middle_Finger,10,286,-58.0,-21.9,41.5,0.018672924488782883
ANN,Hand,1,193,-59.6,-17.1,39.9,0.08227630704641342
ANN,Hand,2,425,-56.4,-21.9,41.5,0.034427400678396225
ANN,Hand,3,62,-62.8,-13.9,33.5,0.03407823294401169
ANN,Hand,4,335,-58.0,-17.1,39.9,0.03383753448724747
ANN,Hand,5,145,-61.2,-9.1,38.3,0.03354768082499504
ANN,Hand,6,286,-58.0,-21.9,41.5,0.03185253590345383
ANN,Hand,7,581,-54.8,-17.1,39.9,0.029507452622056007
ANN,Hand,8,559,-54.8,-20.3,41.5,0.027898281812667847
ANN,Hand,9,549,-54.8,-21.9,41.5,0.027473514899611473
ANN,Hand,10,333,-58.0,-17.1,36.7,0.027369970455765724
ANN,Forearm,1,193,-59.6,-17.1,39.9,0.05791673809289932
ANN,Forearm,2,318,-58.0,-18.7,39.9,0.048955079168081284
ANN,Forearm,3,300,-58.0,-20.3,39.9,0.04837711527943611
ANN,Forearm,4,730,-51.6,-25.1,41.5,0.044778987765312195
ANN,Forearm,5,107,-61.2,-17.1,39.9,0.04168548062443733
ANN,Forearm,6,559,-54.8,-20.3,41.5,0.041524507105350494
ANN,Forearm,7,179,-59.6,-18.7,39.9,0.04103093221783638
ANN,Forearm,8,177,-59.6,-18.7,36.7,0.040420204401016235
ANN,Forearm,9,390,-58.0,-9.1,38.3,0.03991415351629257
ANN,Forearm,10,617,-54.8,-10.7,38.3,0.036897026002407074
ANN,Arm,1,159,-59.6,-21.9,41.5,0.06913542747497559
ANN,Arm,2,300,-58.0,-20.3,39.9,0.048819247633218765
ANN,Arm,3,193,-59.6,-17.1,39.9,0.04511723667383194
ANN,Arm,4,716,-53.2,-10.7,38.3,0.042707279324531555
ANN,Arm,5,124,-61.2,-13.9,41.5,0.04019708186388016
ANN,Arm,6,730,-51.6,-25.1,41.5,0.036554157733917236
ANN,Arm,7,817,-50.0,-28.3,41.5,0.03148569166660309
ANN,Arm,8,191,-59.6,-17.1,36.7,0.030894512310624123
ANN,Arm,9,204,-59.6,-15.5,36.7,0.030845031142234802
ANN,Arm,10,214,-59.6,-13.9,36.7,0.0292714424431324
CNN,Middle_Finger,1,331,-58.0,-17.1,33.5,0.004816798493266106
CNN,Middle_Finger,2,469,-56.4,-17.1,33.5,0.0027409938629716635
CNN,Middle_Finger,3,421,-56.4,-21.9,35.1,0.0027072890661656857
CNN,Middle_Finger,4,111,-61.2,-15.5,33.5,0.002035207115113735
CNN,Middle_Finger,5,59,-62.8,-15.5,41.5,0.001945836003869772
CNN,Middle_Finger,6,255,-59.6,-7.5,33.5,0.0016879118047654629
CNN,Middle_Finger,7,202,-59.6,-15.5,33.5,0.0016578627983108163
CNN,Middle_Finger,8,39,-64.4,-9.1,36.7,0.0016280830604955554
CNN,Middle_Finger,9,397,-58.0,-7.5,33.5,0.0016140989027917385
CNN,Middle_Finger,10,13,-64.4,-15.5,33.5,0.0014978782273828983
CNN,Hand,1,331,-58.0,-17.1,33.5,0.011913958936929703
CNN,Hand,2,469,-56.4,-17.1,33.5,0.00586182065308094
CNN,Hand,3,421,-56.4,-21.9,35.1,0.00451000826433301
CNN,Hand,4,189,-59.6,-17.1,33.5,0.004050211049616337
CNN,Hand,5,516,-56.4,-9.1,33.5,0.003919585607945919
CNN,Hand,6,150,-61.2,-7.5,33.5,0.0038961274549365044
CNN,Hand,7,175,-59.6,-18.7,33.5,0.003547689877450466
CNN,Hand,8,111,-61.2,-15.5,33.5,0.0027546691708266735
CNN,Hand,9,346,-58.0,-15.5,33.5,0.002486287383362651
CNN,Hand,10,59,-62.8,-15.5,41.5,0.0022288248874247074
CNN,Forearm,1,10,-64.4,-17.1,33.5,0.0030709283892065287
CNN,Forearm,2,41,-64.4,-7.5,31.9,0.003045455552637577
CNN,Forearm,3,111,-61.2,-15.5,33.5,0.0027532686945050955
CNN,Forearm,4,150,-61.2,-7.5,33.5,0.0026533855125308037
CNN,Forearm,5,59,-62.8,-15.5,41.5,0.0024801651015877724
CNN,Forearm,6,62,-62.8,-13.9,33.5,0.0021283370442688465
CNN,Forearm,7,119,-61.2,-13.9,33.5,0.0019439137540757656
CNN,Forearm,8,127,-61.2,-12.3,33.5,0.0018765120767056942
CNN,Forearm,9,175,-59.6,-18.7,33.5,0.0018028116319328547
CNN,Forearm,10,255,-59.6,-7.5,33.5,0.001737979706376791
CNN,Arm,1,331,-58.0,-17.1,33.5,0.007486012298613787
CNN,Arm,2,10,-64.4,-17.1,33.5,0.00486499909311533
CNN,Arm,3,59,-62.8,-15.5,41.5,0.0041612740606069565
CNN,Arm,4,469,-56.4,-17.1,33.5,0.003936653956770897
CNN,Arm,5,111,-61.2,-15.5,33.5,0.0032442864030599594
CNN,Arm,6,62,-62.8,-13.9,33.5,0.003217736491933465
CNN,Arm,7,13,-64.4,-15.5,33.5,0.0030545981135219336
CNN,Arm,8,150,-61.2,-7.5,33.5,0.002634895732626319
CNN,Arm,9,830,-50.0,-26.7,43.1,0.002588733332231641
CNN,Arm,10,818,-50.0,-28.3,43.1,0.0023083731066435575
GNN,Middle_Finger,1,471,-56.4,-17.1,36.7,2.3121864795684814
GNN,Middle_Finger,2,515,-56.4,-9.1,31.9,1.6246073246002197
GNN,Middle_Finger,3,423,-56.4,-21.9,38.3,0.9970787763595581
GNN,Middle_Finger,4,636,-53.2,-23.5,41.5,0.9316627383232117
GNN,Middle_Finger,5,626,-53.2,-25.1,41.5,0.7157992720603943
GNN,Middle_Finger,6,472,-56.4,-17.1,38.3,0.683890163898468
GNN,Middle_Finger,7,300,-58.0,-20.3,39.9,0.6731603741645813
GNN,Middle_Finger,8,189,-59.6,-17.1,33.5,0.5781677961349487
GNN,Middle_Finger,9,390,-58.0,-9.1,38.3,0.3756500482559204
GNN,Middle_Finger,10,397,-58.0,-7.5,33.5,0.2465532273054123
GNN,Hand,1,300,-58.0,-20.3,39.9,4.611563682556152
GNN,Hand,2,626,-53.2,-25.1,41.5,1.9143450260162354
GNN,Hand,3,515,-56.4,-9.1,31.9,0.8630244135856628
GNN,Hand,4,189,-59.6,-17.1,33.5,0.8002327680587769
GNN,Hand,5,636,-53.2,-23.5,41.5,0.6972565650939941
GNN,Hand,6,471,-56.4,-17.1,36.7,0.5237323045730591
GNN,Hand,7,715,-53.2,-10.7,36.7,0.2468758076429367
GNN,Hand,8,454,-56.4,-18.7,36.7,0.23551376163959503
GNN,Hand,9,397,-58.0,-7.5,33.5,0.22358635067939758
GNN,Hand,10,472,-56.4,-17.1,38.3,0.21155250072479248
GNN,Forearm,1,300,-58.0,-20.3,39.9,1.8457319736480713
GNN,Forearm,2,454,-56.4,-18.7,36.7,1.8098310232162476
GNN,Forearm,3,636,-53.2,-23.5,41.5,1.6685459613800049
GNN,Forearm,4,626,-53.2,-25.1,41.5,1.4097039699554443
GNN,Forearm,5,515,-56.4,-9.1,31.9,0.6663320660591125
GNN,Forearm,6,472,-56.4,-17.1,38.3,0.5206570029258728
GNN,Forearm,7,189,-59.6,-17.1,33.5,0.4229913353919983
GNN,Forearm,8,423,-56.4,-21.9,38.3,0.3519531190395355
GNN,Forearm,9,2027,-21.2,-28.3,71.9,0.29033464193344116
GNN,Forearm,10,471,-56.4,-17.1,36.7,0.27074703574180603
GNN,Arm,1,300,-58.0,-20.3,39.9,3.3797860145568848
GNN,Arm,2,454,-56.4,-18.7,36.7,1.2800227403640747
GNN,Arm,3,471,-56.4,-17.1,36.7,0.9990940093994141
GNN,Arm,4,515,-56.4,-9.1,31.9,0.9237940907478333
GNN,Arm,5,189,-59.6,-17.1,33.5,0.5710870027542114
GNN,Arm,6,472,-56.4,-17.1,38.3,0.36843758821487427
GNN,Arm,7,72,-62.8,-12.3,36.7,0.3206583857536316
GNN,Arm,8,423,-56.4,-21.9,38.3,0.25327834486961365
GNN,Arm,9,390,-58.0,-9.1,38.3,0.19328933954238892
GNN,Arm,10,108,-61.2,-17.1,41.5,0.12945079803466797
GCN,Middle_Finger,1,127,-61.2,-12.3,33.5,0.015666816383600235
GCN,Middle_Finger,2,19,-64.4,-13.9,33.5,0.015353868715465069
GCN,Middle_Finger,3,13,-64.4,-15.5,33.5,0.014310745522379875
GCN,Middle_Finger,4,62,-62.8,-13.9,33.5,0.013910932466387749
GCN,Middle_Finger,5,421,-56.4,-21.9,35.1,0.01388741284608841
GCN,Middle_Finger,6,119,-61.2,-13.9,33.5,0.013771271333098412
GCN,Middle_Finger,7,331,-58.0,-17.1,33.5,0.013681613840162754
GCN,Middle_Finger,8,255,-59.6,-7.5,33.5,0.01303726527839899
GCN,Middle_Finger,9,222,-59.6,-12.3,33.5,0.012879992835223675
GCN,Middle_Finger,10,54,-62.8,-15.5,33.5,0.01281097810715437
GCN,Hand,1,314,-58.0,-18.7,33.5,0.007024160120636225
GCN,Hand,2,281,-58.0,-21.9,33.5,0.0062016937881708145
GCN,Hand,3,421,-56.4,-21.9,35.1,0.004335800185799599
GCN,Hand,4,127,-61.2,-12.3,33.5,0.004313265439122915
GCN,Hand,5,19,-64.4,-13.9,33.5,0.004178884904831648
GCN,Hand,6,13,-64.4,-15.5,33.5,0.0038395836018025875
GCN,Hand,7,119,-61.2,-13.9,33.5,0.003779872553423047
GCN,Hand,8,62,-62.8,-13.9,33.5,0.0037630158476531506
GCN,Hand,9,2184,-11.5,-31.5,75.1,0.0036858171224594116
GCN,Hand,10,222,-59.6,-12.3,33.5,0.0035443631932139397
GCN,Forearm,1,314,-58.0,-18.7,33.5,0.0031794884707778692
GCN,Forearm,2,281,-58.0,-21.9,33.5,0.002730177715420723
GCN,Forearm,3,127,-61.2,-12.3,33.5,0.0025359177961945534
GCN,Forearm,4,19,-64.4,-13.9,33.5,0.0023481587413698435
GCN,Forearm,5,421,-56.4,-21.9,35.1,0.0022362940944731236
GCN,Forearm,6,119,-61.2,-13.9,33.5,0.002221464877948165
GCN,Forearm,7,62,-62.8,-13.9,33.5,0.0021971811074763536
GCN,Forearm,8,13,-64.4,-15.5,33.5,0.0021670041605830193
GCN,Forearm,9,54,-62.8,-15.5,33.5,0.002036541234701872
GCN,Forearm,10,222,-59.6,-12.3,33.5,0.0020352303981781006
GCN,Arm,1,314,-58.0,-18.7,33.5,0.0036641089245676994
GCN,Arm,2,281,-58.0,-21.9,33.5,0.003518254030495882
GCN,Arm,3,2184,-11.5,-31.5,75.1,0.002975740935653448
GCN,Arm,4,421,-56.4,-21.9,35.1,0.002645852044224739
GCN,Arm,5,127,-61.2,-12.3,33.5,0.002517109038308263
GCN,Arm,6,19,-64.4,-13.9,33.5,0.0023834158200770617
GCN,Arm,7,119,-61.2,-13.9,33.5,0.002156777773052454
GCN,Arm,8,62,-62.8,-13.9,33.5,0.0021254681050777435
GCN,Arm,9,54,-62.8,-15.5,33.5,0.0020905733108520508
GCN,Arm,10,13,-64.4,-15.5,33.5,0.002038154285401106
